Class,Method,Complexity
org.apache.commons.math4.neuralnet.EuclideanDistance,applyAsDouble,3
org.apache.commons.math4.neuralnet.FeatureInitializer,value,1
org.apache.commons.math4.neuralnet.FeatureInitializerFactory,function,1
org.apache.commons.math4.neuralnet.FeatureInitializerFactory,randomize,1
org.apache.commons.math4.neuralnet.FeatureInitializerFactory,uniform,1
org.apache.commons.math4.neuralnet.MapRanking,rank,8
org.apache.commons.math4.neuralnet.MapRankingTest,testFindClosestNeuron,4
org.apache.commons.math4.neuralnet.MapRankingTest,testRankPrecondition,1
org.apache.commons.math4.neuralnet.MapRankingTest,testSort,3
org.apache.commons.math4.neuralnet.MapUtils,computeQuantizationError,3
org.apache.commons.math4.neuralnet.MapUtils,computeTopographicError,4
org.apache.commons.math4.neuralnet.Network,addLink,3
org.apache.commons.math4.neuralnet.Network,addLinkToLinkSet,1
org.apache.commons.math4.neuralnet.Network,copy,3
org.apache.commons.math4.neuralnet.Network,createNeuron,4
org.apache.commons.math4.neuralnet.Network,createNextId,1
org.apache.commons.math4.neuralnet.Network,deleteLink,3
org.apache.commons.math4.neuralnet.Network,deleteLinkFromLinkSet,1
org.apache.commons.math4.neuralnet.Network,deleteNeuron,1
org.apache.commons.math4.neuralnet.Network,from,7
org.apache.commons.math4.neuralnet.Network,getFeaturesSize,1
org.apache.commons.math4.neuralnet.Network,getNeighbours,4
org.apache.commons.math4.neuralnet.Network,getNeuron,2
org.apache.commons.math4.neuralnet.Network,getNeurons,1
org.apache.commons.math4.neuralnet.Network,iterator,1
org.apache.commons.math4.neuralnet.NetworkTest,getIdentifiers,2
org.apache.commons.math4.neuralnet.NetworkTest,testCopy,1
org.apache.commons.math4.neuralnet.NetworkTest,testDeleteLink,1
org.apache.commons.math4.neuralnet.NetworkTest,testDeleteNeuron,1
org.apache.commons.math4.neuralnet.NetworkTest,testGetFeaturesSize,1
org.apache.commons.math4.neuralnet.NetworkTest,testIdentifierAssignment,1
org.apache.commons.math4.neuralnet.Neuron,compareAndSetFeatures,4
org.apache.commons.math4.neuralnet.Neuron,containSameValues,4
org.apache.commons.math4.neuralnet.Neuron,copy,1
org.apache.commons.math4.neuralnet.Neuron,getFeatures,1
org.apache.commons.math4.neuralnet.Neuron,getIdentifier,1
org.apache.commons.math4.neuralnet.Neuron,getNumberOfAttemptedUpdates,1
org.apache.commons.math4.neuralnet.Neuron,getNumberOfSuccessfulUpdates,1
org.apache.commons.math4.neuralnet.Neuron,getSize,1
org.apache.commons.math4.neuralnet.NeuronTest,testCompareAndSetFeatures,1
org.apache.commons.math4.neuralnet.NeuronTest,testCopy,1
org.apache.commons.math4.neuralnet.NeuronTest,testGetFeatures,2
org.apache.commons.math4.neuralnet.NeuronTest,testGetIdentifier,1
org.apache.commons.math4.neuralnet.NeuronTest,testGetSize,1
org.apache.commons.math4.neuralnet.OffsetFeatureInitializer,value,1
org.apache.commons.math4.neuralnet.UpdateAction,update,1
org.apache.commons.math4.neuralnet.oned.NeuronString,createLinks,4
org.apache.commons.math4.neuralnet.oned.NeuronString,finalize,1
org.apache.commons.math4.neuralnet.oned.NeuronString,getFeatures,2
org.apache.commons.math4.neuralnet.oned.NeuronString,getNetwork,1
org.apache.commons.math4.neuralnet.oned.NeuronString,getSize,1
org.apache.commons.math4.neuralnet.oned.NeuronString,isWrapped,1
org.apache.commons.math4.neuralnet.oned.NeuronStringTest,testCircleNetwork,5
org.apache.commons.math4.neuralnet.oned.NeuronStringTest,testGetNeighboursWithExclude,1
org.apache.commons.math4.neuralnet.oned.NeuronStringTest,testSegmentNetwork,5
org.apache.commons.math4.neuralnet.sofm.KohonenTrainingTask,run,2
org.apache.commons.math4.neuralnet.sofm.KohonenUpdateAction,attemptNeuronUpdate,1
org.apache.commons.math4.neuralnet.sofm.KohonenUpdateAction,computeFeatures,2
org.apache.commons.math4.neuralnet.sofm.KohonenUpdateAction,findAndUpdateBestNeuron,3
org.apache.commons.math4.neuralnet.sofm.KohonenUpdateAction,getNumberOfCalls,1
org.apache.commons.math4.neuralnet.sofm.KohonenUpdateAction,update,4
org.apache.commons.math4.neuralnet.sofm.KohonenUpdateAction,updateNeighbouringNeuron,3
org.apache.commons.math4.neuralnet.sofm.KohonenUpdateActionTest,getDistances,1
org.apache.commons.math4.neuralnet.sofm.KohonenUpdateActionTest,testUpdate,2
org.apache.commons.math4.neuralnet.sofm.LearningFactorFunction,value,1
org.apache.commons.math4.neuralnet.sofm.LearningFactorFunctionFactory,exponentialDecay,2
org.apache.commons.math4.neuralnet.sofm.LearningFactorFunctionFactory,quasiSigmoidDecay,2
org.apache.commons.math4.neuralnet.sofm.LearningFactorFunctionFactoryTest,testExponentialDecayPrecondition0,1
org.apache.commons.math4.neuralnet.sofm.LearningFactorFunctionFactoryTest,testExponentialDecayPrecondition1,1
org.apache.commons.math4.neuralnet.sofm.LearningFactorFunctionFactoryTest,testExponentialDecayPrecondition2,1
org.apache.commons.math4.neuralnet.sofm.LearningFactorFunctionFactoryTest,testExponentialDecayPrecondition3,1
org.apache.commons.math4.neuralnet.sofm.LearningFactorFunctionFactoryTest,testExponentialDecayPrecondition4,1
org.apache.commons.math4.neuralnet.sofm.LearningFactorFunctionFactoryTest,testExponentialDecayTrivial,1
org.apache.commons.math4.neuralnet.sofm.LearningFactorFunctionFactoryTest,testQuasiSigmoidDecayPrecondition0,1
org.apache.commons.math4.neuralnet.sofm.LearningFactorFunctionFactoryTest,testQuasiSigmoidDecayPrecondition1,1
org.apache.commons.math4.neuralnet.sofm.LearningFactorFunctionFactoryTest,testQuasiSigmoidDecayPrecondition3,1
org.apache.commons.math4.neuralnet.sofm.LearningFactorFunctionFactoryTest,testQuasiSigmoidDecayPrecondition4,1
org.apache.commons.math4.neuralnet.sofm.LearningFactorFunctionFactoryTest,testQuasiSigmoidDecayTrivial,1
org.apache.commons.math4.neuralnet.sofm.NeighbourhoodSizeFunction,value,1
org.apache.commons.math4.neuralnet.sofm.NeighbourhoodSizeFunctionFactory,exponentialDecay,1
org.apache.commons.math4.neuralnet.sofm.NeighbourhoodSizeFunctionFactory,quasiSigmoidDecay,1
org.apache.commons.math4.neuralnet.sofm.NeighbourhoodSizeFunctionFactoryTest,testExponentialDecayPrecondition1,1
org.apache.commons.math4.neuralnet.sofm.NeighbourhoodSizeFunctionFactoryTest,testExponentialDecayPrecondition2,1
org.apache.commons.math4.neuralnet.sofm.NeighbourhoodSizeFunctionFactoryTest,testExponentialDecayPrecondition3,1
org.apache.commons.math4.neuralnet.sofm.NeighbourhoodSizeFunctionFactoryTest,testExponentialDecayPrecondition4,1
org.apache.commons.math4.neuralnet.sofm.NeighbourhoodSizeFunctionFactoryTest,testExponentialDecayTrivial,1
org.apache.commons.math4.neuralnet.sofm.NeighbourhoodSizeFunctionFactoryTest,testQuasiSigmoidDecayPrecondition1,1
org.apache.commons.math4.neuralnet.sofm.NeighbourhoodSizeFunctionFactoryTest,testQuasiSigmoidDecayPrecondition3,1
org.apache.commons.math4.neuralnet.sofm.NeighbourhoodSizeFunctionFactoryTest,testQuasiSigmoidDecayPrecondition4,1
org.apache.commons.math4.neuralnet.sofm.NeighbourhoodSizeFunctionFactoryTest,testQuasiSigmoidDecayTrivial,1
org.apache.commons.math4.neuralnet.sofm.util.ExponentialDecayFunction,applyAsDouble,1
org.apache.commons.math4.neuralnet.sofm.util.ExponentialDecayFunction,finalize,1
org.apache.commons.math4.neuralnet.sofm.util.ExponentialDecayFunctionTest,testPrecondition1,1
org.apache.commons.math4.neuralnet.sofm.util.ExponentialDecayFunctionTest,testPrecondition2,1
org.apache.commons.math4.neuralnet.sofm.util.ExponentialDecayFunctionTest,testPrecondition3,1
org.apache.commons.math4.neuralnet.sofm.util.ExponentialDecayFunctionTest,testPrecondition4,1
org.apache.commons.math4.neuralnet.sofm.util.ExponentialDecayFunctionTest,testTrivial,1
org.apache.commons.math4.neuralnet.sofm.util.QuasiSigmoidDecayFunction,applyAsDouble,1
org.apache.commons.math4.neuralnet.sofm.util.QuasiSigmoidDecayFunction,finalize,1
org.apache.commons.math4.neuralnet.sofm.util.QuasiSigmoidDecayFunctionTest,testPrecondition1,1
org.apache.commons.math4.neuralnet.sofm.util.QuasiSigmoidDecayFunctionTest,testPrecondition3,1
org.apache.commons.math4.neuralnet.sofm.util.QuasiSigmoidDecayFunctionTest,testPrecondition4,1
org.apache.commons.math4.neuralnet.sofm.util.QuasiSigmoidDecayFunctionTest,testTrivial,1
org.apache.commons.math4.neuralnet.twod.NeuronSquareMesh2D,computeQualityIndicators,1
org.apache.commons.math4.neuralnet.twod.NeuronSquareMesh2D,copy,2
org.apache.commons.math4.neuralnet.twod.NeuronSquareMesh2D,createLinks,4
org.apache.commons.math4.neuralnet.twod.NeuronSquareMesh2D,finalize,1
org.apache.commons.math4.neuralnet.twod.NeuronSquareMesh2D,getLocation,6
org.apache.commons.math4.neuralnet.twod.NeuronSquareMesh2D,getNetwork,1
org.apache.commons.math4.neuralnet.twod.NeuronSquareMesh2D,getNeuron,1
org.apache.commons.math4.neuralnet.twod.NeuronSquareMesh2D,getNumberOfColumns,1
org.apache.commons.math4.neuralnet.twod.NeuronSquareMesh2D,getNumberOfRows,1
org.apache.commons.math4.neuralnet.twod.NeuronSquareMesh2D,getSquareNeighbourhood,1
org.apache.commons.math4.neuralnet.twod.NeuronSquareMesh2D,isWrappedColumn,1
org.apache.commons.math4.neuralnet.twod.NeuronSquareMesh2D,isWrappedRow,1
org.apache.commons.math4.neuralnet.twod.NeuronSquareMesh2D,iterator,1
org.apache.commons.math4.neuralnet.twod.NeuronSquareMesh2DTest,test2x2Network,5
org.apache.commons.math4.neuralnet.twod.NeuronSquareMesh2DTest,test2x2Network2,4
org.apache.commons.math4.neuralnet.twod.NeuronSquareMesh2DTest,test3x2CylinderNetwork,7
org.apache.commons.math4.neuralnet.twod.NeuronSquareMesh2DTest,test3x2CylinderNetwork2,4
org.apache.commons.math4.neuralnet.twod.NeuronSquareMesh2DTest,test3x3CylinderNetwork,10
org.apache.commons.math4.neuralnet.twod.NeuronSquareMesh2DTest,test3x3CylinderNetwork2,10
org.apache.commons.math4.neuralnet.twod.NeuronSquareMesh2DTest,test3x3TorusNetwork,10
org.apache.commons.math4.neuralnet.twod.NeuronSquareMesh2DTest,test3x3TorusNetwork2,4
org.apache.commons.math4.neuralnet.twod.NeuronSquareMesh2DTest,testAccessors,2
org.apache.commons.math4.neuralnet.twod.NeuronSquareMesh2DTest,testConcentricNeighbourhood,3
org.apache.commons.math4.neuralnet.twod.NeuronSquareMesh2DTest,testConcentricNeighbourhood2,3
org.apache.commons.math4.neuralnet.twod.NeuronSquareMesh2DTest,testDataVisualization,5
org.apache.commons.math4.neuralnet.twod.NeuronSquareMesh2DTest,testGetFeaturesSize,1
org.apache.commons.math4.neuralnet.twod.NeuronSquareMesh2DTest,testGetNeuron,1
org.apache.commons.math4.neuralnet.twod.NeuronSquareMesh2DTest,testGetNeuronAlongDirection,1
org.apache.commons.math4.neuralnet.twod.NeuronSquareMesh2DTest,testGetNeuronAlongDirectionWrappedMap,1
org.apache.commons.math4.neuralnet.twod.NeuronSquareMesh2DTest,testIterator,5
org.apache.commons.math4.neuralnet.twod.NeuronSquareMesh2DTest,testMinimalNetworkSize1,1
org.apache.commons.math4.neuralnet.twod.NeuronSquareMesh2DTest,testMinimalNetworkSize2,1
org.apache.commons.math4.neuralnet.twod.util.LocationFinder,finalize,1
org.apache.commons.math4.neuralnet.twod.util.LocationFinder,getLocation,1
org.apache.commons.math4.neuralnet.twod.util.LocationFinderTest,test2x2Network,1
org.apache.commons.math4.neuralnet.twod.util.MapDataVisualization,computeImage,1
org.apache.commons.math4.neuralnet.twod.util.MapVisualization,computeImage,1
org.apache.commons.math4.neuralnet.twod.util.SmoothedDataHistogram,computeImage,4
org.apache.commons.math4.neuralnet.twod.util.UnifiedDistanceMatrix,computeImage,8
